{
    "GameCount": 51, 
    "OppTeaminfo": [
        {
            "AvgPoint": 1.0196078431372548, 
            "Point": 52, 
            "name": "IT", 
            "AvgGoal": 1.3529411764705883, 
            "Goal": 69
        }
    ], 
    "OurTeaminfo": [
        {
            "ExpWinrate": 65.85365853658537, 
            "AvgPoint": 1.7843137254901962, 
            "WinRate": 52.94117647058824, 
            "name": "KN2C", 
            "LostCount": 14, 
            "Point": 91, 
            "DrawCount": 10, 
            "WinCount": 27, 
            "AvgGoal": 2.176470588235294, 
            "Goal": 111
        }
    ], 
    "formation_name": "Miracle"
}